<?xml version="1.0" encoding="UTF-8"?>
<GenRun Id="synth_1" LaunchPart="xc7a100tfgg484-1" LaunchTime="1635742680">
  <File Type="PA-TCL" Name="decoder_38.tcl"/>
  <File Type="RDS-PROPCONSTRS" Name="decoder_38_drc_synth.rpt"/>
  <File Type="REPORTS-TCL" Name="decoder_38_reports.tcl"/>
  <File Type="RDS-RDS" Name="decoder_38.vds"/>
  <File Type="RDS-UTIL" Name="decoder_38_utilization_synth.rpt"/>
  <File Type="RDS-UTIL-PB" Name="decoder_38_utilization_synth.pb"/>
  <File Type="RDS-DCP" Name="decoder_38.dcp"/>
  <File Type="VDS-TIMINGSUMMARY" Name="decoder_38_timing_summary_synth.rpt"/>
  <File Type="VDS-TIMING-PB" Name="decoder_38_timing_summary_synth.pb"/>
  <FileSet Name="sources" Type="DesignSrcs" RelSrcDir="$PSRCDIR/sources_1">
    <Filter Type="Srcs"/>
    <File Path="$PPRDIR/../38译码器/decoder_38/decoder_38.v">
      <FileInfo>
        <Attr Name="UsedIn" Val="synthesis"/>
        <Attr Name="UsedIn" Val="implementation"/>
        <Attr Name="UsedIn" Val="simulation"/>
      </FileInfo>
    </File>
    <Config>
      <Option Name="DesignMode" Val="RTL"/>
      <Option Name="TopModule" Val="decoder_38"/>
      <Option Name="TopAutoSet" Val="TRUE"/>
    </Config>
  </FileSet>
  <FileSet Name="constrs_in" Type="Constrs" RelSrcDir="$PSRCDIR/constrs_1">
    <Filter Type="Constrs"/>
    <File Path="$PSRCDIR/constrs_1/new/decroder_38_cons.xdc">
      <FileInfo>
        <Attr Name="UsedIn" Val="synthesis"/>
        <Attr Name="UsedIn" Val="implementation"/>
      </FileInfo>
    </File>
    <Config>
      <Option Name="ConstrsType" Val="XDC"/>
    </Config>
  </FileSet>
  <FileSet Name="utils" Type="Utils" RelSrcDir="$PSRCDIR/utils_1">
    <Filter Type="Utils"/>
    <Config>
      <Option Name="TopAutoSet" Val="TRUE"/>
    </Config>
  </FileSet>
  <Strategy Version="1" Minor="2">
    <StratHandle Name="Vivado Synthesis Defaults" Flow="Vivado Synthesis 2018"/>
    <Step Id="synth_design"/>
  </Strategy>
</GenRun>
