<?xml version="1.0" encoding="UTF-8"?>
<GenRun Id="led_mem_synth_1" LaunchPart="xc7a100tfgg484-1" LaunchTime="1637547794">
  <File Type="PA-TCL" Name="led_mem.tcl"/>
  <File Type="REPORTS-TCL" Name="led_mem_reports.tcl"/>
  <File Type="RDS-RDS" Name="led_mem.vds"/>
  <File Type="RDS-UTIL" Name="led_mem_utilization_synth.rpt"/>
  <File Type="RDS-UTIL-PB" Name="led_mem_utilization_synth.pb"/>
  <File Type="RDS-DCP" Name="led_mem.dcp"/>
  <FileSet Name="sources" Type="BlockSrcs" RelSrcDir="$PSRCDIR/led_mem">
    <File Path="$PSRCDIR/sources_1/ip/led_mem/led_mem.xci">
      <FileInfo>
        <Attr Name="UsedIn" Val="synthesis"/>
        <Attr Name="UsedIn" Val="implementation"/>
        <Attr Name="UsedIn" Val="simulation"/>
      </FileInfo>
    </File>
    <Config>
      <Option Name="TopModule" Val="led_mem"/>
      <Option Name="UseBlackboxStub" Val="1"/>
    </Config>
  </FileSet>
  <FileSet Name="constrs_in" Type="BlockSrcs" RelSrcDir="$PSRCDIR/led_mem">
    <File Path="$PSRCDIR/sources_1/ip/led_mem/led_mem.xci">
      <FileInfo>
        <Attr Name="UsedIn" Val="synthesis"/>
        <Attr Name="UsedIn" Val="implementation"/>
        <Attr Name="UsedIn" Val="simulation"/>
      </FileInfo>
    </File>
    <Config>
      <Option Name="TopModule" Val="led_mem"/>
      <Option Name="UseBlackboxStub" Val="1"/>
    </Config>
  </FileSet>
  <FileSet Name="utils" Type="Utils" RelSrcDir="$PSRCDIR/utils_1">
    <Filter Type="Utils"/>
    <Config>
      <Option Name="TopAutoSet" Val="TRUE"/>
    </Config>
  </FileSet>
  <Strategy Version="1" Minor="2">
    <StratHandle Name="Vivado Synthesis Defaults" Flow="Vivado Synthesis 2018"/>
    <Step Id="synth_design"/>
  </Strategy>
</GenRun>
