<?xml version="1.0" encoding="UTF-8"?>
<GenRun Id="clk_div_synth_1" LaunchPart="xc7a100tfgg484-1" LaunchTime="1637549546">
  <File Type="PA-TCL" Name="clk_div.tcl"/>
  <File Type="REPORTS-TCL" Name="clk_div_reports.tcl"/>
  <File Type="RDS-RDS" Name="clk_div.vds"/>
  <File Type="RDS-UTIL" Name="clk_div_utilization_synth.rpt"/>
  <File Type="RDS-UTIL-PB" Name="clk_div_utilization_synth.pb"/>
  <File Type="RDS-DCP" Name="clk_div.dcp"/>
  <FileSet Name="sources" Type="BlockSrcs" RelSrcDir="$PSRCDIR/clk_div">
    <File Path="$PSRCDIR/sources_1/ip/clk_div/clk_div.xci">
      <FileInfo>
        <Attr Name="UsedIn" Val="synthesis"/>
        <Attr Name="UsedIn" Val="implementation"/>
        <Attr Name="UsedIn" Val="simulation"/>
      </FileInfo>
    </File>
    <Config>
      <Option Name="TopModule" Val="clk_div"/>
      <Option Name="UseBlackboxStub" Val="1"/>
    </Config>
  </FileSet>
  <FileSet Name="constrs_in" Type="BlockSrcs" RelSrcDir="$PSRCDIR/clk_div">
    <File Path="$PSRCDIR/sources_1/ip/clk_div/clk_div.xci">
      <FileInfo>
        <Attr Name="UsedIn" Val="synthesis"/>
        <Attr Name="UsedIn" Val="implementation"/>
        <Attr Name="UsedIn" Val="simulation"/>
      </FileInfo>
    </File>
    <Config>
      <Option Name="TopModule" Val="clk_div"/>
      <Option Name="UseBlackboxStub" Val="1"/>
    </Config>
  </FileSet>
  <FileSet Name="utils" Type="Utils" RelSrcDir="$PSRCDIR/utils_1">
    <Filter Type="Utils"/>
    <Config>
      <Option Name="TopAutoSet" Val="TRUE"/>
    </Config>
  </FileSet>
  <Strategy Version="1" Minor="2">
    <StratHandle Name="Vivado Synthesis Defaults" Flow="Vivado Synthesis 2018"/>
    <Step Id="synth_design"/>
  </Strategy>
</GenRun>
